Field_Name	Type	Notes	TO	Flag
PrimaryKey	text-uuid	Auto-generated unique identifier		
fkDocument	text-uuid	The work this is a copy OF	→ Documents	
Format	text	Hardcover / Paperback / PDF / EPUB / Scan		⚠️ value-list controlled
fkStorageLocation	text-uuid	Where it lives	→ StorageLocations	⚠️ table not yet built
Condition	text	New / Good / Worn / Damaged / Ex-library		⚠️ snapshot, not history
AcquiredDate	date	When it came into your possession		
AcquisitionMethod	text	Purchased / Gift / Inherited / Library discard / Comp		🔴 load-bearing
IsPrimaryCopy	number	1 = reach for this one first		⚠️ one per document, script-enforced
Notes	text	Marginalia, provenance, what is wrong with it		
calc_IsOnLoan	(c→Number)	1 when an open CopyLoans row exists	→ CopyLoans	🔴 UNSTORED
calc_CurrentHolder	(c→Text)	Who has it	→ CopyLoans	🔴 UNSTORED
